incident_id,topic,topic_prob
4278,-1,0.1447126999445713
488,0,1.0
499,0,0.3387328851332795
525,0,0.48413850218002524
1183,-1,0.08684786255794281
866,0,0.2429046708964746
529,0,0.3861456249806519
4103,2,0.1269127402334219
3,0,0.14892057132576206
52,0,0.40995608525110055
769,-1,0.3071257976365829
785,-1,0.28925657885551614
836,-1,0.0730211525435249
863,-1,0.021557842898825053
902,0,1.0
707,-1,0.04872846319302328
2626,-1,0.0696602920187311
1937,-1,0.08477319309952086
2014,0,0.336343666801579
3795,-1,0.1118396791891667
3184,2,1.0
806,-1,0.046025343847270236
270,-1,0.14321872095378335
508,0,0.30412505899182823
2,0,0.138265488344743
53,-1,0.07710849102403575
504,0,0.49989359655624327
568,0,0.41846384122645036
627,0,0.28492169881255064
635,7,1.0
1924,-1,0.1067205449895817
3634,0,0.34841238010599784
2308,-1,0.17247993766635206
343,0,0.4240426660458901
995,-1,0.33080160001930964
496,0,0.43675684859669067
386,0,0.39145938036908867
365,0,0.34844540935644114
410,0,0.36177191712856444
2290,-1,0.12932168381532502
2310,-1,0.15604855412787738
409,0,0.37305975661240603
382,0,0.3593696134142506
1359,-1,0.2199816501490979
1648,-1,0.11136298704238919
3424,-1,0.09474113322311516
3385,-1,0.06040256816442805
4341,-1,0.06377777708538306
2492,-1,0.0939898484574056
1680,-1,0.057352967895801056
1550,0,0.2708023571714537
587,-1,0.30241158839372223
19,8,1.0
513,0,0.6743476049741488
894,-1,0.026385888785422536
900,0,0.7686984780994823
136,-1,0.10425400656909727
2286,-1,0.10161135683619134
515,3,0.43343741680616793
517,0,0.31793501798291585
1933,-1,0.05271092220967141
1500,-1,0.21487782148978968
848,0,1.0
83,0,1.0
714,0,0.5167293601080386
847,0,0.3527282506269913
664,-1,0.1593599772373123
1668,1,1.0
1316,1,0.47010875334266805
1683,1,0.2850498293081481
2484,1,0.12550192397841822
1345,-1,0.04717575815107846
1836,1,0.08214538499191289
2167,1,0.22626160282577645
2589,-1,0.057098068557837764
2353,1,0.07607394566278512
203,0,1.0
979,1,0.6800849451406425
1110,8,1.0
2629,1,0.1650840822077268
1673,-1,0.1207918861583851
2658,1,0.09799955809651234
179,1,1.0
464,0,0.27614826045694413
680,0,1.0
954,1,0.42366678371587313
1035,-1,0.2610612004894339
1235,-1,0.11630897717266303
1258,-1,0.09590739679515452
1210,0,0.4982346191987763
3251,-1,0.08369923843907809
299,-1,0.19556905942249295
85,0,0.18056188742261384
887,-1,0.14897770109915562
1439,-1,0.032677950173766804
34,1,0.2943487541737405
80,1,1.0
808,1,0.5398874981236815
3423,-1,0.049988689700153126
26,1,0.4767414361628364
960,-1,0.039794424218989884
1538,1,0.11275381351245094
3276,-1,0.041792083178526236
988,1,0.14113589767610557
1013,1,0.34965626597898986
1405,1,0.2998342081255194
4204,-1,0.0852949210696335
2770,-1,0.0986712219469303
25,1,0.10956867828245484
181,-1,0.025483220807913872
337,-1,0.09749545268803679
362,-1,0.0779000051593113
1751,-1,0.17631275431285273
1733,-1,0.08273438854405969
4153,-1,0.022822401718989874
77,0,1.0
99,1,0.22798075453804248
132,-1,0.1074185324714919
146,0,0.11479968415057157
1506,-1,0.08125215501874301
417,0,0.20660035941063343
1505,-1,0.12806343152835883
563,-1,0.11797938495881082
1507,-1,0.12419337733380882
814,1,0.5317767839670993
1269,3,0.2626130520544647
937,-1,0.07700846599359977
1077,0,0.29295853982037684
1026,-1,0.16159485580255492
1086,-1,0.14867273784843946
2180,-1,0.07807441484560076
1671,1,0.5545635668070329
1672,1,0.522532183476492
3666,-1,0.15508638434477007
1170,-1,0.07492096584240512
3579,1,0.12737906146715736
1877,-1,0.1026042899333598
126,-1,0.09609879056675583
44,1,0.2674909380106711
161,-1,0.046284371218741995
953,-1,0.10103185163830376
1087,1,0.7292942567822481
1300,1,0.2896486743443446
1340,1,0.15375617177386486
2376,-1,0.11059959012760325
4319,2,0.11029948111599938
2199,1,0.36908523926334375
1414,1,0.5064268673640625
61,1,1.0
133,-1,0.025807844663597673
156,-1,0.050096897861730605
58,-1,0.10711265198720175
3388,-1,0.07037097514796768
663,1,0.16024387838083615
1185,1,0.16462318473507212
2559,-1,0.043718071380026084
1827,1,0.5092459734979571
3708,1,0.40452734354744707
308,1,0.6512432392707748
1400,1,0.18358655256813927
3124,1,0.07977398231980724
2276,-1,0.038094729360705945
2671,-1,0.044173922304179145
755,8,0.20038178697855819
898,1,0.6860760414867842
1036,8,0.5831201216002706
1217,-1,0.09824137979115385
1213,1,0.24582654042796395
1215,-1,0.10777048023117292
1607,1,0.17944507760978423
1495,1,0.15380346835909486
2674,1,0.18468293640566086
3283,1,0.07852987291084035
18,-1,0.04396247920820673
321,0,0.2142471883304538
447,0,0.27262022264786423
1096,-1,0.040117600050869014
1214,1,1.0
1691,-1,0.12039193876965008
1373,1,0.1900002423047101
1365,-1,0.09774395542255654
1403,1,1.0
1242,-1,0.10210974631186
1850,-1,0.1637692428462595
275,1,0.24771983041463302
4290,-1,0.0633597831934792
17,-1,0.024174652984729872
241,0,0.43489189705249187
246,0,0.17774262608199184
381,-1,0.041109688099763245
533,8,1.0
578,1,0.16850128931485403
771,-1,0.08133156966710937
956,-1,0.05208367881464555
1245,-1,0.17784403505486354
3898,1,1.0
2483,-1,0.04292935100730047
3111,-1,0.041957940968759246
1643,1,0.4745842230566182
1800,1,0.33245392931565865
2547,-1,0.05474436255977339
2127,-1,0.07638016053837555
4314,1,0.17643565915794218
4105,1,0.13491388064054483
2656,-1,0.09374890686679503
3433,-1,0.1850727535584244
2277,-1,0.03624062078483925
15,-1,0.0964645336278353
104,-1,0.09447874866949395
147,0,0.17765143490419005
2653,1,0.2761271556779284
3823,1,0.09896921014765125
4307,-1,0.0591463621032981
1404,1,1.0
1186,1,0.7374574770670121
3318,1,0.10291389341035277
1364,1,0.14589111077766168
1589,-1,0.07941502428508661
2088,1,0.21718603069113102
2636,1,0.20804156141087288
1255,-1,0.16994513785033608
759,1,1.0
1304,8,1.0
1342,-1,0.1040849986139726
2842,4,0.41547985937637144
3014,-1,0.06341490943232499
3294,-1,0.061860592324284876
1193,1,0.516605905018025
1333,-1,0.15110975505504484
4326,-1,0.1085541303312978
2900,-1,0.014628681865240049
1513,-1,0.12564466034421942
3670,-1,0.09541099305356732
2427,-1,0.053917568951010963
4148,1,0.16542649108490542
3737,1,0.07361449277931216
4084,-1,0.06283755794004695
676,0,0.1620111372850725
893,3,1.0
2808,-1,0.13872693154234045
1309,1,0.3503817286922119
1782,-1,0.05844992827258707
2445,1,0.09548186200693744
3698,8,1.0
4017,-1,0.03789109615945921
1908,1,0.10472570789192594
581,1,0.6892775865350159
3493,-1,0.11226479333405662
330,-1,0.18006332472176775
419,1,0.2871521563666611
1273,-1,0.10613413258173382
970,-1,0.2912954797928643
1184,-1,0.2672530610394371
2642,-1,0.07875270858622228
2643,-1,0.08665278275151686
2038,-1,0.07225139226022856
3526,1,0.17170140422718316
2063,1,0.09239672773089815
4136,-1,0.03517388102574246
2670,1,0.15082243543218465
4,0,0.3993189914829078
14,-1,0.15096276379734336
762,0,0.2096155269126674
859,0,0.18214435589247516
1100,1,0.4686615465366902
1141,0,0.4237552502707198
1323,1,0.7042553586405187
1399,1,1.0
2322,1,0.08900749826415079
3671,-1,0.10386756330763608
3768,1,0.18730495266581948
3905,1,0.19786499927492288
950,-1,0.08176328422790252
11,-1,0.047334452771560266
871,1,1.0
1011,-1,0.10496799017624021
2481,-1,0.07550680830412757
3449,-1,0.046128132133144775
5,0,1.0
24,-1,0.2870690070977944
23,0,1.0
29,-1,0.04965217166966447
32,3,0.4667256695543851
31,0,0.2577370022871292
33,-1,0.17462373654476726
36,-1,0.09021318944243994
57,-1,0.1576895658786463
66,-1,0.1472987422443826
78,1,0.3035462478044778
79,0,0.6058590724760233
113,0,0.21196021511710508
144,0,0.36789797209362723
167,-1,0.07807556630744872
178,1,0.1894198221968613
259,-1,0.05913656515750065
329,1,0.15735822071017228
390,-1,0.10873878731506381
398,-1,0.14964542491990826
435,0,1.0
434,4,1.0
433,-1,0.1251360890193899
431,-1,0.06535469432664862
422,1,0.12434395544661675
420,-1,0.13594472226118376
449,0,0.3036411842886704
571,0,1.0
595,-1,0.09429343403720146
592,-1,0.09769750741565791
588,-1,0.07736418321558466
621,-1,0.10898453983326833
665,-1,0.09295280177461317
788,-1,0.08392297526635867
669,-1,0.0550283652456883
2429,-1,0.06791228460620052
777,-1,0.12797707419523557
1020,4,0.31723731208127404
1055,-1,0.07406503130784588
1082,0,0.18818264075763513
1221,1,0.6667392811038165
1736,1,0.45937852511352445
1341,1,1.0
1401,1,1.0
3853,-1,0.01702145247207016
4173,-1,0.0714179317274332
1322,1,0.372874543305981
1329,1,1.0
1376,8,1.0
895,-1,0.017584850502356312
2482,-1,0.11257973338879847
698,0,1.0
35,8,1.0
1143,-1,0.0885881547808821
118,-1,0.04016678893080911
239,0,0.3739687215628069
248,-1,0.1363919184516699
1252,1,0.7384253893605922
1829,0,0.25212327985151195
794,-1,0.31519317180901885
878,0,0.5003649941556159
2211,2,0.251012198578539
2109,2,1.0
253,0,0.258718529903011
654,0,0.23157377143903135
1318,7,1.0
800,-1,0.031102023173442597
1372,-1,0.13608334622131452
107,-1,0.0864019839722041
3635,-1,0.11265641914136605
288,0,0.29856664434076585
88,-1,0.16620155343535892
30,-1,0.2875058291694025
746,-1,0.16765445717073169
230,-1,0.18459992367006262
1432,-1,0.05215910123524111
453,0,0.16763310725204597
1175,-1,0.15490626686086054
414,7,1.0
1097,-1,0.07173870276895866
339,0,1.0
341,0,0.4417863406874715
3615,0,0.32959400232953845
2683,-1,0.14365015947825244
789,1,0.18417897239932365
1078,-1,0.19173215635759372
839,-1,0.34953953732413545
779,-1,0.039326601171922174
919,0,1.0
1276,1,0.24363517905495152
139,1,0.6496846924376819
3008,3,0.24060257991396872
450,0,0.33880615029723465
614,0,0.34185433738159715
760,0,0.46217664110487483
650,0,0.35411383929777746
751,0,0.4727135717296573
772,0,0.5448936173726605
828,0,1.0
974,2,0.14509590611206832
1042,0,0.3538673663449872
1243,-1,0.15114182443765362
1348,0,0.3295910478809673
1418,1,1.0
1629,1,0.27279222970512257
3549,4,0.22212891686635924
458,0,0.13950082128319108
1181,1,0.3317132733165259
4039,4,0.20254268913498166
526,0,0.2972757733139658
547,0,0.6113399088303011
174,-1,0.08650699806971943
1075,1,0.5243288687021108
1455,1,0.09587362019394559
1502,-1,0.04237235168282719
1501,-1,0.05826394141114806
2955,-1,0.07939562760979194
3412,-1,0.07097756047238078
1397,-1,0.07675001212464518
722,-1,0.06754894898936441
1067,4,0.2653279586871239
3746,1,0.1705099710937271
591,-1,0.08177360103096394
3747,-1,0.11524834976224156
1228,-1,0.014352496250908628
1197,1,1.0
3033,-1,0.06066840510095428
168,-1,0.09501990721776604
316,1,0.4024319940944617
1206,1,1.0
1375,-1,0.08349098703178741
2938,-1,0.058237718656574816
1034,-1,0.047624843525153414
1277,1,0.15951865078695143
1168,-1,0.01317636414400009
1220,-1,0.08285217333368851
987,-1,0.07052146747218718
1249,-1,0.05117465146924478
418,1,0.6344102095932301
796,1,1.0
2519,-1,0.16804682666978324
1081,-1,0.0808602386487874
1111,1,0.39018160632224685
2619,1,0.12344552141639777
1754,1,0.37989752074939276
226,0,1.0
421,1,1.0
820,-1,0.07594751141852378
804,-1,0.14969945050499017
801,-1,0.0840143884802643
1128,0,0.41801124067583206
2192,7,0.3922418983614675
1310,1,0.20504778461430323
1628,-1,0.07420794456782073
2753,1,0.21337725433935814
3776,1,0.15768295122396261
2859,-1,0.014644892539765463
307,-1,0.12653953938387183
677,1,1.0
764,-1,0.018276745095589717
977,1,0.638886837617368
1278,1,0.07827101521354848
1218,4,0.19394188837706708
1293,-1,0.12936480522409816
2160,-1,0.043977098176461955
1412,1,1.0
1580,-1,0.08834307313409909
2601,-1,0.11703934128386435
1383,-1,0.014076498520367435
2203,3,0.25246315819302845
2272,1,0.09801032667122138
3219,-1,0.06379172358347172
2927,-1,0.06961974547225992
2227,-1,0.0769323989508876
2928,-1,0.0690286284289332
1910,-1,0.05047675325058858
2460,-1,0.013351414884784762
3165,-1,0.06463498757173645
4135,-1,0.01303241788729722
3167,-1,0.09595687906202326
2860,-1,0.11216556996555746
4025,-1,0.08523914339239928
4282,-1,0.06732415319439185
1187,1,1.0
1129,1,1.0
1280,-1,0.12400299808401564
1161,1,0.13045735016061794
1066,-1,0.06493795389389263
1146,8,1.0
1236,1,0.7606039984573513
1493,-1,0.10687179683138433
1884,1,0.5186236180254638
2717,1,0.1605445118160485
2416,1,0.13528434683711404
1147,-1,0.05465420286984876
379,-1,0.06635150219716086
681,0,1.0
740,1,1.0
744,0,0.32256593336634237
924,1,0.45695290685557316
1247,-1,0.06390182815587243
3839,-1,0.04141446833633416
679,1,0.15652700452967416
1396,-1,0.07322043804403414
2285,1,0.5357560079927414
3924,1,0.09440161927564207
1030,0,0.5831050165255512
1171,-1,0.1202522414541306
1351,-1,0.04077294679275865
1864,-1,0.04971593869115917
171,-1,0.2258293009918464
473,0,0.18173904049712736
756,0,0.3279125284454773
778,2,0.14003687550878183
3243,-1,0.058602524758153376
1165,-1,0.018318395002595415
1169,-1,0.09032162069867458
1305,-1,0.047150663091361705
1795,1,0.26295656444697574
1674,-1,0.044655160335054685
2608,1,0.07522711887193324
2836,-1,0.05910966758370105
991,-1,0.10178635665259163
4026,-1,0.10428957466521588
97,-1,0.123593615074789
1320,5,0.17079218155702514
2936,-1,0.05059416426496553
1021,-1,0.024242887273746946
3880,-1,0.011637859692358279
282,-1,0.12770169018885424
403,0,0.151593657457325
334,0,0.2992375060953455
62,-1,0.018418337024960808
1325,-1,0.08356327217818955
616,0,0.1182779808838678
899,0,0.19506783230584235
46,1,0.1268757816504199
790,-1,0.10116038871356518
1113,0,0.4611348557696797
3989,4,0.1860069744146328
3890,4,0.13920793737412412
486,0,0.3231398974620467
2067,-1,0.05873452848419247
666,-1,0.07540513771511533
1222,-1,0.06650079438296976
2737,-1,0.07660438184160225
4266,1,0.0874608430421239
817,6,0.13281124250712614
2147,-1,0.06329138372673727
957,-1,0.07808347383916231
2210,-1,0.018318359614885985
842,-1,0.1247323422311805
911,-1,0.08340858556332041
1676,-1,0.09328441457516554
2591,-1,0.05267740267019394
1494,-1,0.08283927843330309
2573,-1,0.059717336903245384
1134,-1,0.11268878993401991
1189,-1,0.06794454982208993
423,-1,0.017759739144994624
2652,6,0.678474466509531
2336,6,0.33919622524723375
2459,6,0.28473456287331195
2996,6,0.5931693878185328
1237,-1,0.07941780862710923
2539,-1,0.08231305797642274
2108,1,0.12211423599562467
1016,-1,0.1102523604851964
2590,-1,0.05436609309770365
1095,-1,0.11812537431245558
3941,6,0.7680726495658586
1144,6,0.5328323148900298
1227,1,0.12017879230580539
1537,-1,0.05795692843761766
3630,6,1.0
3777,6,1.0
416,1,0.5322588495852701
966,-1,0.19230363042274148
1360,-1,0.054759855083910125
594,1,0.5012485793875822
1362,-1,0.15133349621019873
13,0,0.20178639134822277
55,0,0.1967104000875665
103,-1,0.1278449391584267
120,3,0.4168651243396463
197,3,1.0
258,-1,0.0750052587521177
479,3,1.0
510,1,0.2582501745714303
570,-1,0.019704035156212548
609,-1,0.08487147998459388
660,-1,0.06410518944826801
753,0,0.3037410775864812
816,1,0.6063834393313331
841,7,0.17708237539363045
860,0,0.20839065052059322
896,-1,0.019204684870031623
1009,6,0.28385571901450685
1019,6,0.6075052273119526
1130,6,0.6200285207878674
1131,1,0.12706111825215377
3911,-1,0.015425890350191228
1411,-1,0.06294195672549059
3244,-1,0.080551928667879
1416,-1,0.16590079709066338
1409,-1,0.018280918103829924
2228,-1,0.014484898340192672
1382,-1,0.04145232022414808
1847,-1,0.08741275124416892
3401,-1,0.017085215360444862
3490,-1,0.3709375875646377
3400,-1,0.07878137013605721
2894,-1,0.013919164857484559
2882,-1,0.048260479783550345
2818,-1,0.10094542159570948
3164,0,1.0
3403,-1,0.018050163060852376
3237,-1,0.03478441828843907
3672,-1,0.01717914376283399
3675,-1,0.016658424689961714
1904,2,0.12171612975611043
1553,-1,0.08078485508569246
1977,-1,0.08657012779175394
1978,-1,0.08858802623931268
2434,-1,0.01751960898313859
3506,-1,0.046750982947960686
3509,-1,0.05513605600616844
3796,-1,0.07459439101991408
2713,-1,0.08773835365811132
752,-1,0.14364146968804894
1408,0,1.0
2478,1,0.2060332125201638
2585,-1,0.08785105587768448
2584,-1,0.053443056659429805
4237,6,1.0
2892,-1,0.09696496702614234
2661,-1,0.0823292036388402
2493,6,0.6181463949200743
1056,6,0.30298761056832274
4327,6,0.4683892039236461
1047,-1,0.08198260415583493
1048,-1,0.06898853552373409
1230,1,0.3627514421685411
1491,2,0.1241239943461039
3647,-1,0.014770259419627287
3648,-1,0.015369931795888794
3751,1,0.0894246432051778
1008,-1,0.07000657047492809
1299,-1,0.08962389541149174
1297,-1,0.0799411923970069
40,-1,0.019162586097852232
3749,1,0.15902279061272223
279,-1,0.058943748666341535
451,-1,0.10661900788389224
446,0,0.6997815286779717
20,0,0.33667136503739487
143,0,0.7099708879318787
322,1,0.16235059843590616
1281,-1,0.07522852509893917
1267,-1,0.16446503122905692
849,0,0.12013311871926254
129,3,1.0
3326,2,1.0
3565,-1,0.13961163591576548
819,8,1.0
742,0,0.2727424960687736
1905,7,1.0
2159,7,1.0
3084,-1,0.1314652839446005
3685,-1,0.08473515487912892
4324,4,0.17431580018907528
2271,7,1.0
3665,-1,0.060065440857636744
564,-1,0.19619126545944893
1562,8,1.0
415,7,1.0
1054,7,1.0
532,0,0.35849192595308155
556,0,0.4258508554457703
560,0,0.40092761016455813
369,0,0.3795248604070314
153,-1,0.1275472092095307
1326,0,0.36847871718709135
1890,4,0.18908851253821038
1789,0,0.6428475930780924
582,-1,0.02174584530918405
1958,4,0.2779521705355216
599,0,0.3804795827923744
791,7,0.47343981809677177
1539,1,0.1431689157107583
1328,-1,0.06097020548420727
3789,5,0.09779102671087755
1794,3,0.2782180879691658
2514,-1,0.04661206076239378
2275,-1,0.0611577199969081
2958,5,1.0
3105,-1,0.061628555102602844
3119,-1,0.06228480098555575
3322,2,1.0
3402,-1,0.0666792654089621
3422,-1,0.030935177483870493
3586,5,0.17174262767512427
3644,-1,0.09909831369759799
4141,-1,0.05073352353356296
4176,4,0.4457229909842572
3346,1,0.07179198325297244
3584,1,0.08973587130749089
1964,1,0.13726620565019118
173,0,1.0
905,3,1.0
2076,2,0.15296156473156466
1911,-1,0.04885215545849532
2075,4,1.0
3485,5,0.0957636390153896
2673,3,0.30237974576888965
2796,6,0.7012035264001545
2783,-1,0.04818661344712984
2945,-1,0.09329310324604939
3479,-1,0.06695453643023062
3193,4,1.0
3274,6,1.0
3727,2,1.0
3696,2,0.13592901864853152
3896,4,1.0
4312,4,0.3853309899097774
2558,4,0.30531534795239557
4041,4,0.23354593500300472
50,-1,0.0210916438354778
2166,-1,0.023328102870971066
2239,-1,0.1411424151749991
2949,5,0.2758812108416326
3417,-1,0.017307607129886386
3568,5,0.1634114742320612
3818,3,0.2537648906450387
1972,-1,0.022633638331975903
2787,-1,0.07035588740555637
4276,5,1.0
2802,4,0.3462075896976373
619,0,0.31721172666544406
1283,0,0.15176401103510165
1406,3,0.4610658962128837
2357,7,1.0
2057,-1,0.08239455138164889
2295,-1,0.0794742604158512
2390,3,0.24175202521817402
2528,2,0.17017331814409706
2648,-1,0.08949435476347394
2706,3,0.3654816367882457
2703,-1,0.10004199675643125
3035,-1,0.11040477761796151
3524,-1,0.01714301580697104
3261,5,0.11111563560516154
3279,4,0.13988347142289245
3494,-1,0.028547850923972756
3554,3,0.5655976674692051
3686,5,0.10329988572789593
4287,-1,0.0893563941747063
1499,-1,0.088442504921977
3029,2,1.0
1544,5,0.24919684265695485
2437,-1,0.04624289340337344
2169,-1,0.03691698209997296
2457,5,0.24263640563507877
2983,-1,0.028796275354125316
3471,-1,0.12453028699307822
3410,4,0.1762592376081937
4256,-1,0.140060815772531
1261,0,0.3847081549540299
3112,-1,0.08655081353336733
700,0,0.46051678237810756
1004,-1,0.12204883774972097
4009,4,0.23541936861516724
1922,-1,0.10564407970433616
2896,5,0.8067643618145931
1892,2,0.3577963312068651
2152,5,1.0
2325,5,0.7919246176542456
2384,-1,0.07534680489274515
2399,5,0.19391911581962296
2633,6,1.0
2655,3,0.12480316930744098
2870,5,0.16348164652157895
2931,-1,0.029537125727805806
2988,5,0.8361557288252514
3254,-1,0.08270561111833746
2995,6,0.5499240077701952
3077,-1,0.11430311235201958
3177,5,1.0
3209,5,0.1951921904457982
3210,2,1.0
3259,-1,0.02197288030316035
3340,-1,0.028190868034786824
3404,4,0.34717641308771524
3497,4,1.0
3600,-1,0.013827408294754196
3590,5,1.0
3919,-1,0.021061491068220962
4143,-1,0.08525780818386626
4110,-1,0.018537038529926397
4157,-1,0.10249112320316303
4197,5,0.8200313350988596
4183,-1,0.0902261776386144
4320,5,1.0
2734,4,0.336538571828149
3090,-1,0.05769536131854451
3158,4,0.4524777480449163
3199,4,0.282413912354602
583,8,1.0
1605,1,1.0
1962,-1,0.09811124826187309
2793,-1,0.11981957763830811
3877,-1,0.09731174093213509
3269,-1,0.06372422875848313
3591,-1,0.0817636719220207
4130,-1,0.04342251217860011
1938,4,0.5193385019726429
497,0,0.25934277768108965
506,3,0.23629768087018221
821,1,0.20519459012266472
3704,6,0.05071175642187031
3525,-1,0.02737748060622492
1563,-1,0.08158498061773976
1960,-1,0.06979671071341235
2202,5,1.0
3087,-1,0.017888231385483826
3280,-1,0.0777990066945062
3606,-1,0.07606454246904573
3775,-1,0.14064988840175638
4091,-1,0.0900057627232622
3091,-1,0.016624001229646627
3136,-1,0.04854825971576133
4229,0,0.15182921543442437
2140,-1,0.08510107655102545
1064,-1,0.15487824683892404
3057,3,0.23731232782857103
366,-1,0.11927007672173688
1788,3,0.26935113886464473
2243,3,0.2306692636473427
2534,-1,0.13169637813063256
3356,-1,0.16937513939342583
3317,-1,0.018741808661361326
3492,3,0.49525416169062947
3366,4,0.35770721512771597
3489,-1,0.034193162352744326
3291,1,0.11314091641877967
1923,1,0.14298248501822036
2714,-1,0.1329080361988056
4313,-1,0.0735306698032535
3438,3,0.2872999626946096
4249,3,0.2661182385690193
4262,-1,0.07380070655520417
1996,3,0.2464448636349022
1902,3,0.2611477723215569
2935,2,1.0
3348,4,0.16350485406675414
2726,3,0.25024359967071974
4161,-1,0.05179250590587842
3721,-1,0.014945572371819774
1444,-1,0.1198926215099012
2646,3,0.19389506220361555
3003,3,0.31326820392499866
3464,5,0.592920811082557
1393,7,1.0
186,0,0.2576224685443659
244,0,0.25736235327580936
659,0,0.13059888435492073
1361,4,1.0
1735,-1,0.20622063697113308
2012,-1,0.07597129211802155
2254,5,1.0
2313,5,1.0
2265,-1,0.022000375418442793
2387,5,0.1933076012232928
2392,5,1.0
2386,4,0.2953804444372301
2458,5,0.23872781470712098
2407,-1,0.019558699324765786
2454,5,1.0
2649,2,0.32075204932244916
2690,-1,0.19703310650872569
2747,3,0.11646737125728
2980,-1,0.09252805788530383
2874,4,0.4875052915397945
3248,-1,0.10259802402410302
2991,-1,0.14547126889905182
3022,-1,0.1347565761953608
3079,5,1.0
3108,-1,0.13166306227618405
3265,4,0.6305573612911807
3140,4,1.0
3205,-1,0.07107140549053007
3295,5,0.6055607290375823
3355,5,0.1801424570966575
3448,5,0.6810005440978991
3395,5,0.1993710727774496
3406,-1,0.1585155018788001
3435,2,1.0
3468,-1,0.0958414567666153
3558,2,0.1328715096490831
3501,2,1.0
3571,4,0.47255150499467025
3580,-1,0.1698139118557499
3756,-1,0.048511506326752954
3784,4,0.45611400447068784
3762,5,0.19323552620129192
3779,-1,0.02153293071808945
3964,-1,0.019147775153375228
3948,4,1.0
3955,-1,0.104302488569464
3986,4,0.3416242842889814
4063,4,0.45641324875508427
4074,-1,0.10278503754450666
4064,-1,0.09932776394004705
4275,4,1.0
4277,-1,0.10101609881740367
4294,4,0.6186276330102041
2002,5,1.0
3114,4,0.6273587358039986
4051,4,0.4896412991436176
1349,-1,0.15709936889804663
4236,5,0.12522097503044577
505,3,1.0
1334,0,0.2820546917070719
1371,-1,0.03480907495142776
1893,2,0.13430275180096332
1825,2,0.4844676912793811
2472,-1,0.019816705099229972
1883,-1,0.1341089747377409
1927,3,0.22831444433327022
1971,5,0.1492003315840827
2043,3,0.3495529672522295
2128,-1,0.10129065826653058
2145,2,0.19877456333017987
2220,-1,0.06864293969040526
2319,4,0.10902419272862064
2282,-1,0.18578074726385996
2301,5,1.0
3576,4,0.41473989649626125
2561,4,0.20301153199244595
2395,-1,0.013385867089934283
2572,3,0.2988425662723599
2577,-1,0.0242267839450326
2634,5,1.0
2630,-1,0.08863338133385698
3386,3,0.3217574744024858
2692,5,0.18654602757192051
2697,3,0.22868778053072467
2710,-1,0.2194410919099985
2751,5,0.3562567998525432
2798,5,0.20514136447889253
2810,5,0.13013889554031832
2850,4,0.20358544388338565
2865,-1,0.051971961280431425
3101,-1,0.05287583406969938
2948,-1,0.07084915362729026
4055,-1,0.15662558216115935
2987,-1,0.01330757527778997
3058,5,0.6040211223955326
3073,-1,0.10297983837737275
3089,5,0.4838616626005929
3106,4,0.10057349691821124
3475,5,0.06861653633185076
3147,4,0.10667050831632477
3191,5,1.0
3207,-1,0.07501532987714783
3216,-1,0.15755084509091724
3213,5,0.3618305038425723
3245,-1,0.01827952707141757
3374,5,0.17052959498509795
3263,3,0.26186753508291777
3282,-1,0.0992171692474951
3357,-1,0.07486399332844512
3478,-1,0.0516676914847434
3496,3,0.2916591549128958
3567,4,0.09716274785735898
3605,5,1.0
3627,-1,0.11063496341110582
3637,-1,0.022420401955626897
3629,4,0.6473109410594123
3750,-1,0.04647912105432747
3754,3,0.23811321426803717
3753,4,0.08824899604012702
3827,-1,0.05650352947483097
3547,-1,0.049468404864032214
3788,5,1.0
3922,-1,0.10160453930561766
3915,-1,0.020256695372366882
3937,-1,0.07671048180493285
3990,5,0.6050385052492903
4004,-1,0.1286069410379115
4100,4,0.08909327860721226
4187,-1,0.09019489276971945
4152,-1,0.09114752241568436
4316,5,0.23051427733765456
4254,3,0.2359269116353075
3440,-1,0.018140917234012437
2741,8,0.7756822729987073
2412,6,1.0
3723,-1,0.018887325074017858
2300,3,0.34822949551463317
3631,4,0.42000393932394176
3308,5,0.11199379880109231
625,3,1.0
1226,3,1.0
1395,-1,0.02670334603525535
2223,4,1.0
2610,6,0.5629112924218885
2645,6,1.0
3988,-1,0.07218244653624512
553,0,0.16910708257225798
1315,1,0.15773380334042428
2084,-1,0.05802454208755215
2309,2,0.3485961628239864
2419,-1,0.01328817597511853
2956,1,0.20501934982541214
3298,-1,0.020457024307435536
3688,-1,0.12155361783902462
3831,6,0.2028919198619208
3950,-1,0.06423162645226496
3894,-1,0.059649218643725264
4211,4,0.19762400055105822
4280,-1,0.09346995699584937
3573,2,0.5739252562909863
3923,-1,0.053795935129775534
1140,-1,0.029236908702467247
1338,-1,0.016812203382166397
1433,0,0.187423091195944
2136,-1,0.057538949092344645
2689,3,0.25178122523320606
3359,-1,0.04953403195761578
3550,-1,0.016565619535366803
1037,-1,0.34697323927448165
2293,3,0.4883314534723666
2368,-1,0.0880370587147892
2418,5,0.19694700181023175
2603,0,0.06605216699702943
3444,-1,0.2272403290325215
3153,-1,0.09857245266158403
3277,-1,0.013870640109071887
3532,-1,0.23255897289880118
3658,-1,0.09603907822554687
3786,6,1.0
3901,5,0.30335523764626193
3943,-1,0.13184737448384984
4258,5,0.22196929112609784
1820,-1,0.15033748504013406
440,0,0.38517177975393707
717,-1,0.12009320463135031
1451,-1,0.09331494107895136
2845,-1,0.0384970162239922
2403,6,0.26240670795415816
2335,-1,0.05944535662972768
3081,-1,0.13460364398337313
3305,5,0.7024255680423569
2607,-1,0.08140468261578414
3020,2,0.12049643129020446
3211,-1,0.10551427534727989
3238,2,0.4124765856070189
3462,5,0.12061932177665073
3545,2,0.3135430387815671
3748,4,0.20019855424827815
3897,2,1.0
4169,5,0.10253211881155526
4175,3,0.14326145593440703
4340,-1,0.11057060259045925
3275,-1,0.17020065881787516
3095,7,1.0
2575,-1,0.1725057772829666
2691,8,1.0
4301,-1,0.05769972046875826
1089,0,0.44736325466407345
1177,0,0.16721031294531843
2968,6,1.0
3872,0,0.10297798668947264
3661,5,0.21815293593370957
4057,-1,0.1207513341867716
3851,4,0.09076599442103436
2985,-1,0.01128915423865469
3321,3,0.5361543672948174
3127,1,0.1417309340171731
1311,-1,0.22415687138366863
2989,5,0.18366317515693759
3154,4,0.2093595017557926
996,3,1.0
4217,3,0.17198251701124573
4223,3,0.22326809409183007
3613,3,0.3609793438706267
3198,2,0.37033570737079236
276,0,0.3248631170792584
1002,2,0.14691714541016282
1135,-1,0.053773006738213745
1670,-1,0.09922966858185953
2019,6,0.07538318206679535
2233,2,1.0
4158,4,0.15178534888897138
3544,5,1.0
3519,-1,0.10185965350046132
3660,4,0.24640239131918953
3669,-1,0.07144037336954916
3722,-1,0.06932234121919643
3399,8,1.0
1353,5,0.08496747124461725
4014,-1,0.05773800478333536
4325,6,0.878691197507182
696,0,0.33969231059473787
1005,2,0.27126714994670187
2541,2,0.14266793106609235
2563,-1,0.02272731833632144
2797,-1,0.101299887791594
3881,-1,0.12393093570231993
3246,4,0.1496072720191202
3498,2,0.6190840340060528
3683,6,1.0
4200,5,0.6038814597787735
2895,2,0.43386389777819073
3491,3,0.19376693102887896
3717,2,0.15327641692249008
2036,-1,0.05210841544023151
176,-1,0.015302308025858935
198,-1,0.06737851176093633
1332,1,0.14831525573705104
1570,-1,0.20804308624474377
2453,1,0.07302011108548509
1997,1,0.15672625573969343
2089,1,0.13270022217489577
1809,-1,0.043423032651472925
2039,-1,0.06969445973101898
2529,6,0.87833990025537
2682,-1,0.11899404742483528
2156,-1,0.11998366325032538
2463,6,0.88155212653395
2729,1,0.0678314558472872
3306,-1,0.042943821521855996
3512,6,0.6993185708739861
3130,6,0.6342198520628296
3232,6,0.5759063283957943
3293,6,0.7246621823353168
3533,1,0.07440295155018244
3480,6,0.5015601143681708
3514,4,0.2656082735253634
3529,6,1.0
3548,6,0.4674931818630456
3623,-1,0.01757274646865354
3643,6,0.6346278335751679
3662,6,0.706183646569161
3817,6,0.08761456066646019
3885,-1,0.0812242021567063
3946,6,0.11475222303752997
3974,5,0.6376973331318997
4010,6,0.6083516430187612
4043,6,0.4126521137450064
4181,4,0.42374645929786026
2065,1,0.07759587757017279
3235,4,1.0
534,0,0.3474920947389833
1357,-1,0.023859081160408854
2440,1,0.11451866748392922
2812,-1,0.05798330597846353
2815,0,0.40135491302414256
3371,4,1.0
4097,-1,0.06272168397698553
4298,-1,0.22334433467358256
3638,-1,0.04414223163373349
4007,4,0.4404238924811399
1292,1,0.381659261071936
3267,3,0.2818442621163275
3353,4,1.0
3645,-1,0.08534378824041285
3160,2,0.307541007012206
1779,-1,0.05278531489046131
2479,-1,0.09619912955609329
3963,5,0.25154106929072745
1420,-1,0.03560069665359007
2867,-1,0.07744071583584694
3418,2,0.2960812101131775
1090,-1,0.03623675122466135
2238,0,0.6689020263843077
3152,-1,0.21591967721291963
425,1,0.20271131603721756
611,-1,0.1706428798005235
889,-1,0.07878206784347856
1126,-1,0.16653959378605626
1366,-1,0.017911487643895385
1791,-1,0.07674257732308916
1650,-1,0.14910177570209776
1988,3,0.15750646530626214
1732,2,0.12131709577966854
2431,-1,0.0951968369235377
3539,-1,0.05591475430229768
3689,3,0.19172187368242452
3715,-1,0.10513763660479779
2393,3,0.16206901849719269
4038,-1,0.09223224856267655
2586,0,0.19714024220064705
2622,6,0.6910448046066948
2781,6,0.7685116194210554
3040,6,1.0
3185,6,1.0
4261,6,0.670021912340354
2861,-1,0.07668248109033599
2761,-1,0.12151653593498579
2831,6,1.0
3021,2,0.11947604627367978
3680,-1,0.025220234270852186
3815,6,1.0
4045,6,0.832053125827922
3171,-1,0.059937294614673585
2647,-1,0.08493271671308232
2834,2,0.12381102403208714
3358,3,0.2752838502742438
3987,5,1.0
1894,-1,0.145393410379812
2321,-1,0.09942529052459925
2374,-1,0.1046651240165648
3004,5,0.26694530179857406
4244,5,0.11467673389090509
3624,-1,0.07727761429043171
1669,4,0.1333821700291215
3028,-1,0.11116684074219269
1693,7,1.0
2079,4,0.3069520798050857
2833,4,0.3864665078386212
2788,-1,0.11367214880762878
3206,4,0.3607214322843609
3082,5,0.17314019042334583
3099,2,0.7386824195276973
3194,-1,0.1462520884978814
3301,-1,0.050790757594973805
3428,-1,0.08688902731647873
3511,4,0.5632767042704051
3593,4,0.2504015286013433
3556,-1,0.019017544237962754
3674,4,0.15001658581601526
3744,-1,0.10446585958887743
3828,4,0.36005427850475485
3886,-1,0.19559229354039817
3889,5,1.0
4108,4,0.6025241983692552
4083,-1,0.10020733085213714
2686,4,1.0
3467,4,0.5854490606340013
3595,4,0.2767498198259765
4122,4,0.32617691853612424
4226,-1,0.09115572274207256
2600,-1,0.19696099835286768
2209,-1,0.10661891935346436
2446,-1,0.09472899430534136
3047,5,0.14161057075389252
3231,6,0.44721721456671176
2866,-1,0.05791447384983044
2053,-1,0.20027463262459086
2702,-1,0.05703196487521841
2832,2,1.0
3681,2,0.12618530012560078
3044,3,0.19266537230737957
3296,6,0.5923985479305011
3517,5,1.0
3702,-1,0.024453291051602034
3728,3,0.16587714169169399
3960,5,1.0
4076,3,0.29014294751804015
4264,-1,0.1317637390967985
4202,3,0.404746661863249
4247,-1,0.06623678044914696
291,-1,0.07191386572749421
320,0,1.0
1355,-1,0.023200860621758447
3230,-1,0.06755893380197511
723,1,0.09161041485029892
2953,2,0.15068698148895363
629,-1,0.055630710260260535
3770,4,0.509199960814813
2890,4,0.4034566546654627
3437,1,0.09466234185234089
4224,5,0.23555082372910535
3572,6,0.5847448537153188
3792,3,0.25308345908323926
4125,-1,0.08509720467256715
4214,-1,0.09484245916611461
540,0,1.0
653,0,0.17661358254207146
1044,5,0.12148530039824658
1572,1,0.14695753882622548
1425,-1,0.03906025974072334
1611,1,0.1337128127534976
1994,3,0.2511918690855842
1921,-1,0.015628599567984576
3938,1,0.15017952901720133
2901,3,0.22780115160618497
3078,5,0.127340455455659
3083,-1,0.12593631863647
3226,-1,0.11796329582567913
3034,6,1.0
3614,-1,0.02855445129451794
4011,6,1.0
157,0,0.2632219718273825
1007,0,0.1336299370192135
1871,-1,0.3287960344496987
1331,0,0.31483872919936373
2542,4,0.25189840830795635
2574,5,0.8049195962796694
2141,-1,0.04612369870729057
2163,-1,0.16822968757446596
2189,5,1.0
2337,4,0.47254832499381977
2270,5,1.0
2331,5,1.0
2339,5,0.30948602757887356
2566,5,0.7440833563115462
2669,5,0.11595979434619252
2755,-1,0.15847300754088856
2828,-1,0.11166456763031507
2772,-1,0.17596679182756883
2864,5,0.6667162561597442
2826,-1,0.037888639273822626
3088,5,0.8297336056177577
3515,5,1.0
3546,6,0.8721824623992507
3869,5,0.7863547208146808
3740,5,1.0
3691,3,0.23927340080562073
3764,-1,0.10282588213337573
3763,-1,0.08362281927388285
3822,5,1.0
3884,5,0.12642547505370566
4210,1,0.07146334253087397
1899,5,1.0
2681,-1,0.0385888844010057
60,-1,0.05375964469129182
114,-1,0.020402246799920348
115,0,0.6081605257548292
598,0,0.0883841122678365
682,-1,0.04105985232794348
743,3,0.7905633507369181
845,4,0.1872465766867465
1079,0,0.28533187642837343
998,4,0.4369607416029301
1000,-1,0.14138044363289023
2504,-1,0.015070114419829198
1083,-1,0.041884573354161965
1085,-1,0.21692586639556927
1109,-1,0.03788066412939992
1119,3,1.0
1127,2,1.0
1148,-1,0.11303074749986215
1150,3,1.0
1154,-1,0.04144049370605294
1262,0,1.0
1263,5,0.7997577665949309
1504,-1,0.06093348642627832
1967,-1,0.0131138836432194
1306,1,0.07576976836316354
1385,0,0.35404264334704943
2257,-1,0.11308018860665672
2077,4,0.4543617776113272
1344,-1,0.09684218677066472
1367,-1,0.1843607356048183
1370,0,0.26151379591768426
1968,-1,0.01300799565034406
2070,4,0.7415363199916098
1906,4,1.0
2086,2,0.5269416253647948
2111,-1,0.23337738214457857
2191,4,0.21051559860041336
1930,4,0.7473066293058027
1916,4,0.5080464404147401
1887,-1,0.1860933792040923
1885,4,1.0
2114,4,1.0
1969,-1,0.013104106149074054
1886,2,0.7156085081400957
1914,4,0.7903934207260165
2023,5,0.5625002689074194
2967,4,0.5663933988205998
2217,-1,0.027545688528703465
1913,4,0.4460028371810509
1959,2,0.5292268918842699
2762,-1,0.047767328681688793
2296,4,1.0
2289,4,1.0
2051,4,0.5462372066698394
2055,4,1.0
2102,2,0.15672261493920747
2423,4,1.0
2473,-1,0.03311685118781462
2946,4,1.0
2358,5,1.0
2595,-1,0.11554598875721542
2103,-1,0.017445931513361063
2588,4,0.5504346525380084
1888,4,1.0
2224,4,0.2350414413686869
2060,-1,0.12765597590551123
2543,2,0.34353969523496863
2383,-1,0.2929543202310266
3465,4,0.7810235236500508
2061,4,0.12194890163194291
1947,-1,0.06754225735674281
2009,5,0.8650650269892931
2008,5,1.0
2194,4,1.0
2382,4,0.6615365489580983
2269,4,1.0
2214,4,0.4951095818821111
2350,4,1.0
1881,-1,0.29007397139258045
2420,-1,0.11751230064451165
2378,5,1.0
1975,-1,0.08113886746006391
2171,4,0.7272604552205386
2010,4,0.4172082879270718
2786,4,1.0
2044,5,0.6417918729773252
3918,2,0.32759111631474874
2132,-1,0.07549782688988754
2093,5,1.0
2299,4,0.629405640513747
2320,2,1.0
2105,5,1.0
2129,5,1.0
2435,4,0.515406820281215
2327,4,1.0
2311,2,0.5692700019150968
2212,5,1.0
2168,-1,0.17537212079600967
2438,4,1.0
2379,-1,0.1648618740644603
2380,-1,0.23467136896437055
2181,5,1.0
2190,5,1.0
2381,4,1.0
2495,5,0.4985759031987119
2244,5,1.0
2237,5,0.8013664313583948
2448,2,0.5835719429226237
2268,5,1.0
2520,5,1.0
2724,-1,0.29390074428341656
2302,-1,0.0795035182746881
3344,4,0.24782593398459213
2509,-1,0.25275408429891466
2476,5,1.0
2430,5,1.0
2582,4,0.5467550442389089
3336,4,1.0
2998,4,0.5863837543689635
2436,2,0.5490095110658414
2456,6,0.8515362315241546
2508,5,0.3499673644068396
3045,5,0.1348666421873099
3007,4,0.5646488798287838
2499,-1,0.1369517921714262
2510,5,1.0
3769,4,1.0
2532,6,1.0
2723,4,0.43520017285272844
2570,4,0.19399389760941488
2625,-1,0.01399615024150005
2562,5,0.8344658910951651
2651,-1,0.06560847988571525
2869,4,0.4965667325917776
2628,5,0.7492794806637189
2756,4,0.2028544209552423
2667,2,0.26513546977462404
2720,-1,0.11097869649700504
2957,-1,0.30108661564605743
2719,-1,0.01613274554455369
3215,4,0.3591696487045729
3499,4,0.3079302492619327
2707,5,0.3112564068256366
2701,-1,0.06751404514051673
2940,4,0.35335183498510164
3516,-1,0.05417082609497169
2873,5,0.7571313949373101
2857,4,0.37887495406513894
2792,-1,0.13869573681540318
2768,4,0.21676017607858844
3476,-1,0.02267645143302773
2782,5,0.15037765881637832
2804,5,1.0
2809,5,1.0
2830,-1,0.08985971175483255
2858,-1,0.25962227980958313
2933,5,0.3828839487283692
2962,4,0.21348275586168666
3228,4,0.5359224393743349
2992,5,1.0
3382,2,1.0
3225,4,0.5283152765229953
2981,2,0.4031413769252972
4195,5,0.17092686765108395
2972,-1,0.11645041526824747
4194,-1,0.2344862018599138
3278,4,0.5366157662100888
3771,5,1.0
3075,-1,0.017427833425511262
3050,-1,0.047441675114464475
4212,-1,0.06726886148279713
4050,-1,0.015777463663689734
4098,2,0.30335966540016046
3096,-1,0.012400597440379076
3032,5,1.0
3450,-1,0.08932457513868036
3454,4,1.0
3474,6,0.7309402444578963
3596,4,1.0
3598,5,0.7067933492827655
3018,4,0.3462297307945294
3054,-1,0.08323289079639662
3253,1,0.074947779846097
3113,5,1.0
3208,4,0.3168545329445585
3195,5,0.6195527793137702
3107,3,0.3335450504285953
3145,-1,0.1125554107629746
3156,-1,0.10312039459641821
4296,2,0.42101219039701426
4292,-1,0.05132536722778967
4154,4,0.31727392575845703
3229,-1,0.03530117246637354
3426,-1,0.1856913272366796
3218,4,0.2582259444209774
3202,2,0.588758953647832
3203,2,0.6041426824552931
3240,5,1.0
3252,5,1.0
3439,-1,0.060949445893113414
3655,4,0.30612521025466904
3272,5,1.0
2984,2,1.0
3309,2,0.3038918849108568
3310,5,0.45586497661500536
3354,2,0.3122481328051908
3352,1,0.06391633894255973
3429,-1,0.05919666478446055
3393,6,1.0
3431,-1,0.0205919995111421
3451,5,0.9017536927468729
3592,2,0.3166797657144527
3461,-1,0.09398955621203774
3477,3,0.2865063177999797
3992,-1,0.17624348368297046
3508,-1,0.14906051720058516
3510,5,1.0
3597,-1,0.24410183256655887
3706,4,1.0
3542,2,0.3589670660099189
3557,2,0.3501432264899189
3612,2,0.48957050316428896
3628,4,0.24771184400983692
3619,5,1.0
3632,-1,0.06863215247397242
3649,2,0.37535382073783896
3659,5,1.0
3653,3,0.2645909500908042
3678,3,0.18859339839555408
3690,5,0.5083792837361351
3711,-1,0.017156961265362196
3707,2,1.0
3716,-1,0.06944630518810327
3913,4,1.0
3720,6,0.4070181495454158
4049,4,0.4095807319230752
3724,-1,0.2156461132914603
3743,4,0.21876299101437963
4053,2,0.4576597137500496
3830,4,0.6506682909643844
4022,2,0.1052510333116359
3841,-1,0.07358225706863974
4166,-1,0.3125204628397721
3876,2,0.3467651664499318
4257,4,1.0
3951,5,1.0
3903,5,1.0
3904,-1,0.01563549125976739
4081,4,0.23865641469326512
3975,5,0.7511159815452487
4265,-1,0.0579878692154526
4029,-1,0.021893604726835
4134,-1,0.08910126073853779
4069,1,0.07834954427271971
4121,-1,0.024708436649919622
4114,5,0.15211786930718602
4101,-1,0.07601696875682669
4090,2,1.0
4132,-1,0.05861277515402912
4120,2,0.12587975253788203
4124,2,0.12194530840258198
4113,-1,0.10842864075374399
4142,-1,0.2712660281715772
4239,-1,0.019543732831325725
4253,2,0.3992254421723159
4297,5,1.0
4323,5,1.0
1929,-1,0.029762275974304767
2092,5,1.0
3155,-1,0.032879599727711525
3369,-1,0.09293345274084389
225,-1,0.04025101620305747
503,3,0.24201019839206442
920,-1,0.3139704787794621
3421,0,0.06377348360662728
3646,2,1.0
3682,0,0.19271200709599687
1843,-1,0.05999915719712352
3705,-1,0.12615000623784495
3738,-1,0.10257943824211364
624,1,0.16962294096125857
2811,-1,0.043979478738526555
3316,2,0.3145168184420094
3537,2,1.0
3732,-1,0.1356058411560487
1180,-1,0.17042379320739728
1256,-1,0.14913881838692594
1380,1,0.08894173219953368
4107,1,0.12357919489894433
196,0,0.9140739890940016
407,0,0.3641388498478681
93,0,0.3581058669015606
131,0,1.0
158,0,0.19850919414558174
184,0,0.6293659512292735
199,0,1.0
205,0,1.0
277,0,1.0
375,0,0.3382866178451912
388,-1,0.020565104361898054
487,0,1.0
548,0,0.312098289922347
600,-1,0.02722292689408052
675,-1,0.17229804400924773
750,0,0.35142013664677807
773,0,0.37378695474357876
815,-1,0.02858399706670439
881,0,0.43642424399093205
908,-1,0.02803785149687274
913,0,1.0
973,0,0.35578663002228994
1303,-1,0.17974088405699606
1402,1,0.17575182676895748
2155,-1,0.12725128330742969
2040,-1,0.1350095022547857
2096,1,0.4395723861427377
2592,3,0.29202603549589695
385,0,0.3868320162065979
524,0,0.8280058259380169
622,0,0.6609265641880212
1105,1,0.0880104130588744
1156,0,0.7788766481412067
224,0,1.0
1288,8,1.0
805,-1,0.015802574443822603
1450,-1,0.038994224826764214
301,-1,0.07665999565324899
332,0,0.11146458218293863
336,0,0.6880142650642345
567,0,0.6950343833402137
670,-1,0.1202463850515171
852,-1,0.13589810078733816
1139,-1,0.025065161132337224
1854,1,0.7117541793283393
1253,1,0.16194955310765177
1282,1,0.14753847227749678
1392,8,0.18227930737556225
111,7,1.0
527,0,0.4924755810133048
438,0,0.1917236333788884
489,0,0.17389098608085893
544,0,0.4650571785099156
546,0,0.16730307167830552
559,0,0.1563060442295563
520,0,0.1657907331254868
623,0,0.4188810073782466
704,0,0.2825406012094163
383,0,0.19131326102254584
469,0,0.5312997882815751
477,-1,0.10402069732757088
857,0,0.3660691446096174
1023,-1,0.2634033216952668
1346,3,1.0
3564,4,1.0
468,3,1.0
844,0,1.0
2022,7,1.0
2878,-1,0.022524923594251546
3324,-1,0.15344247161584823
858,0,0.8992014957008082
286,0,1.0
1091,0,1.0
429,0,1.0
798,0,0.38634928849467826
1314,1,0.15764026562630012
4106,1,0.10370525253101347
2149,-1,0.07529659949566665
1233,-1,0.07328001622839285
4087,1,0.13552192757632303
1074,-1,0.02886746400927421
4288,1,0.13508693899252808
1613,-1,0.2540278494408927
2631,-1,0.0922878627653956
2970,-1,0.06973741614121474
3142,2,0.3283569218254202
3829,3,0.3617818014327476
75,-1,0.0800399282736642
3773,-1,0.0514980360601972
106,-1,0.0826385615476048
3175,1,0.137216876589812
2784,3,0.26865533820164433
3038,-1,0.06722818907144244
3181,3,0.3592126820185012
3902,3,1.0
2641,-1,0.02491170987245873
952,0,0.19338739107163397
1065,-1,0.056437358994511785
1590,-1,0.13840118024451928
1603,3,0.20042512471365428
163,-1,0.08938223918711917
1307,1,0.5933785519976932
3432,-1,0.01983094103924939
2179,-1,0.05449899282128087
2557,2,0.12423466602284555
2616,3,0.4574961303791627
807,-1,0.11315331982116275
1212,-1,0.019740947301195546
2773,2,0.6634356208586075
811,-1,0.05181082149800536
1224,-1,0.14878901237859624
1356,-1,0.07177126417174137
1853,3,0.20162099324710436
1842,3,1.0
2548,3,1.0
2732,3,0.4912615566681211
699,0,1.0
4117,3,1.0
3543,-1,0.06906210125943106
130,-1,0.10298203935857442
1158,0,0.138444754023356
1394,1,0.09367145710300738
2441,-1,0.09324124956127183
56,-1,0.01740997279717211
1945,3,0.5760573209346659
2650,3,0.2754597494786142
509,-1,0.06563695934597998
686,-1,0.015894966267649118
984,-1,0.10592241289419421
1063,-1,0.10558665946646759
1284,-1,0.019775360142320005
3481,-1,0.06568254140669416
1652,1,1.0
2066,1,0.13825612805893658
2164,3,0.22107190701917767
426,-1,0.0890847576999966
2142,3,0.316647743485492
3103,3,1.0
964,-1,0.018878460068151245
3575,-1,0.07148034196531297
1514,1,0.12589161013444275
2100,3,0.256947327744191
2215,3,0.6699572377697777
2544,2,1.0
3563,3,0.17997102009424154
3734,3,0.2193885457242631
3735,3,0.2665680470440474
3758,3,0.7670246277078956
4178,3,0.37515888474351483
87,-1,0.17372669405804095
3967,-1,0.07642327326610121
3970,-1,0.020063462964068423
3971,-1,0.020743828788543115
3962,1,1.0
3966,-1,0.02097197924435277
3969,-1,0.12364722558422761
3968,-1,0.020256234249885083
1223,-1,0.1228157822442418
3965,-1,0.08240204225077173
712,-1,0.039695979739232105
734,3,0.44524760318264783
980,-1,0.020732621021987797
1274,-1,0.04750434783009113
1017,1,1.0
1038,-1,0.1539100658512371
1599,3,0.20341057848984942
2017,5,0.20799285483793234
2388,-1,0.05354348397783756
1863,3,0.2385865996644712
1867,3,0.16462635594952227
3430,2,1.0
4155,3,0.26626819117765654
4302,3,0.28267977550929385
1088,-1,0.07757233683132092
1254,1,0.093543595818808
3129,5,0.11179098958720168
580,-1,0.10113509859016322
2080,-1,0.15011884678559453
2273,-1,0.062140596891838304
3212,2,0.4462255677146061
2121,-1,0.020850916709027927
2182,-1,0.02233833330289978
810,-1,0.05172491573898134
1142,-1,0.10318170811545098
1644,3,0.16254087571981235
1737,-1,0.16853520076418269
1941,3,1.0
2035,3,1.0
2297,3,0.3591806579629332
2471,3,0.21616150773804307
2469,3,0.4273356800165562
2960,2,1.0
4303,3,1.0
4343,-1,0.08127881215690243
4338,3,0.7398779455667417
4348,3,1.0
1777,3,0.19263504702513784
3956,3,1.0
4225,1,0.13667808287397135
4021,3,0.3064920979238444
3460,-1,0.13793533929930754
112,3,1.0
3607,3,0.4096676628762966
84,0,0.17153470712873053
1571,1,0.148022044239745
1946,3,0.363988304260428
1952,3,0.1578700999252314
1953,3,0.6988882605685368
3284,3,0.1825487239150346
3299,3,1.0
1726,3,0.16605398848629552
3745,-1,0.07888023522913944
951,0,0.20802655518113145
1024,-1,0.07015757439176144
969,7,0.10066998563942903
1010,-1,0.11502261980551423
1271,1,1.0
2216,3,0.36444136934767835
2487,3,0.3398348051033185
2489,3,0.2801025834095954
2760,3,1.0
3531,3,0.36331271444177626
2451,3,0.22741164372265232
3394,1,0.15405577341783375
989,-1,0.06645869127463962
1704,3,0.26717652481996645
1522,-1,0.01901281543206084
2170,1,0.08929653327837979
2565,2,1.0
2930,-1,0.04367443363039826
4295,-1,0.07144495793249452
1336,0,0.35507510948149895
1659,-1,0.012659089970070016
1950,3,0.45156536261413965
1638,-1,0.1521034865839905
2000,3,0.4397033994495072
3166,-1,0.06675091311929002
3520,-1,0.07559596744207578
3699,-1,0.11041274749217192
1824,2,1.0
3186,2,0.5562288980273102
3188,2,0.7130650917508706
1577,3,0.14514827374223832
51,0,0.26833720719107595
639,-1,0.1287559809342552
1164,-1,0.06033800084122146
2031,-1,0.05680883982231731
1615,-1,0.16380744746788953
1543,0,0.26931902164909893
2260,-1,0.09797727119575808
972,-1,0.058980864281243245
2821,2,1.0
2347,-1,0.06663836698408843
2523,3,0.24800638692788268
2580,2,0.7820369288633772
3131,3,1.0
3304,-1,0.15131202297756755
2324,-1,0.020161661829663988
3132,2,1.0
3247,3,0.5657356708478875
584,-1,0.06356254334319525
781,-1,0.08241822427787787
2345,3,0.7884728613527476
2344,3,0.7478153985285774
2349,3,1.0
2367,3,0.4857380755057145
2366,3,0.5737680374327458
2835,3,1.0
3026,3,1.0
3495,-1,0.08138510749683214
4228,3,0.4878237880388845
2346,2,0.13995131721393847
2400,2,0.48198118241435506
3781,3,1.0
2184,7,0.0577166821206675
480,-1,0.18756402133677558
586,-1,0.019232801165367904
786,5,0.10647882182948216
776,-1,0.05810672042369356
941,-1,0.10139624292754566
947,5,0.2142090359103591
1032,1,0.13760862276762248
1094,-1,0.15453818170184247
1196,0,0.1628052396171357
1207,1,0.6275625294328802
1327,0,1.0
1343,-1,0.07223886831784292
1702,1,0.2655530704364867
1948,-1,0.09735777498009839
1637,-1,0.07987512545134148
1449,-1,0.013430454038978043
1448,-1,0.17008005406671964
1575,-1,0.15267470077347994
1541,5,0.12408025636256227
1610,-1,0.07712861750034321
1515,1,0.5182874200623864
1511,1,0.1422616628113557
1561,-1,0.03563424588613063
1963,3,0.2129745845519129
1786,5,0.12567731839876992
1468,1,0.34992277810094424
1849,-1,0.06601664383940262
1700,3,0.34769944981968914
1876,1,0.11017564463953154
2354,1,0.16652041351669264
2365,1,0.16923927260804
2897,5,0.11356702471307073
2708,1,0.12119047114035102
2879,1,0.13160314772114176
4129,1,0.10844536933774926
2961,1,0.17850297718920874
3538,1,0.12083515111984322
3133,0,0.09156603060387834
4128,1,0.11114692963044971
3396,1,0.13495028547666776
3288,1,0.1416304163131281
3639,1,0.12039789960637082
4163,-1,0.049351574986147353
4279,3,0.27152077755392773
2291,-1,0.021767404178417174
124,-1,0.021370555004956805
1862,-1,0.07126272420591828
1248,-1,0.1592735108987901
1555,2,0.37491931689334745
1639,-1,0.07904672806872137
1688,3,0.20647290775953275
2666,3,0.18600422035063946
2752,3,0.5462463039370771
4099,-1,0.04393165782556019
3521,-1,0.2632357739944948
4003,3,1.0
41,-1,0.11113974318931574
91,-1,0.10029483425502976
154,-1,0.03598192584498156
170,-1,0.07634764217908417
573,-1,0.042083661480395974
566,-1,0.02125688404832249
613,-1,0.20105923218844243
662,-1,0.018549073509251054
721,-1,0.019592075740636743
735,-1,0.08270785429597895
733,0,1.0
731,0,1.0
862,-1,0.020411823699077646
888,-1,0.01791709432520694
912,0,0.31165186534658107
922,-1,0.05236588024840004
986,-1,0.09827062105097344
1001,-1,0.18665173578122618
1040,-1,0.06132263140148065
1163,-1,0.07215718928984646
1167,-1,0.01905001733923162
1265,-1,0.018939397531788155
1205,2,1.0
1264,-1,0.1388942372654496
1208,-1,0.11045005979249378
2885,-1,0.05322016088260261
2259,2,1.0
2161,-1,0.1081237000251198
1417,-1,0.0975143835511756
1347,-1,0.018841406881977652
3588,-1,0.014032219717318458
1805,-1,0.019133814291535763
1591,-1,0.15635876536944546
2886,-1,0.049548431130933636
2261,-1,0.2926763392359095
3187,2,0.5782162099986513
1618,-1,0.15585092648222734
1567,3,0.16176000218344816
1573,-1,0.15578867094137164
1716,-1,0.1360757031140597
1821,-1,0.13828148336720433
1868,-1,0.1563451565425591
3378,-1,0.0937777160325299
1949,-1,0.06534973946505329
2774,2,1.0
3055,1,0.10324182399437522
2662,5,0.7908410077234986
2759,2,0.4335249956249518
3036,1,0.08779680056503567
2844,-1,0.12101857453144783
3176,-1,0.26939853949639525
3415,-1,0.15026861868510194
3455,-1,0.25852442509745327
3657,2,0.3971898997755604
3663,2,0.5507254542777094
3961,-1,0.01756686466518609
3949,2,0.5725277637904237
3909,3,0.3672840470580371
4218,2,1.0
1352,1,0.08907814072222853
2116,-1,0.04813774482926051
2074,-1,0.05551645647029498
1951,2,0.1224570136906704
1084,7,1.0
720,0,0.3562734961478708
877,-1,0.05288723055995007
333,3,0.4232430452230624
273,0,0.6504515827005891
472,0,0.7455554334274601
492,0,0.5338423778563738
1174,7,0.1743410982981123
652,0,0.7783395305854702
4146,7,1.0
4145,7,1.0
1965,1,0.51085226272326
2099,-1,0.2099942660080022
1976,1,0.8520902541000198
1260,1,1.0
4151,-1,0.05345369091256595
1694,7,1.0
1145,-1,0.1630237671682017
3221,4,0.20516621388452322
2123,4,0.22261991195011696
1966,-1,0.021080532137413236
1925,-1,0.021086890720676644
1934,-1,0.021573170269103725
3180,-1,0.02082335756253826
2355,-1,0.021637047714336687
2576,-1,0.09457342286872439
2775,-1,0.020790855575098646
3266,-1,0.021074407816381067
1859,-1,0.01952750472772073
1192,-1,0.026157024429571803
482,0,0.22842485419424485
632,-1,0.018747551853039314
470,0,1.0
597,0,0.3644897025707633
212,-1,0.19453356691706003
536,0,0.8713586825674693
607,0,0.2290403486172903
475,0,0.6217532636583538
272,0,0.21210561166678032
354,3,1.0
495,0,1.0
530,-1,0.02391125450293376
724,0,0.22604854718054954
251,0,0.2492294650141899
64,-1,0.022449244601126638
467,3,1.0
274,-1,0.07318823121595268
757,3,1.0
1664,7,1.0
1240,7,0.356943933570486
768,0,0.20421135527885584
992,0,0.24375661732465867
1178,-1,0.14595146131426148
708,-1,0.017512871521670113
864,0,0.12821166507542617
906,-1,0.2673459832223712
929,3,0.2428907289582596
485,0,1.0
1052,-1,0.12604356760249014
297,0,1.0
3343,-1,0.10041920764145865
3190,-1,0.09718391440893936
713,0,0.11131841242879159
2986,-1,0.09144486438218723
770,-1,0.11250429849856396
787,-1,0.02366822291697011
892,-1,0.025707588638863473
1098,-1,0.1669361193703573
149,-1,0.19552550656594844
389,0,0.6312641438955998
465,0,0.5978075096175152
474,0,0.3856642060425671
481,0,0.5731406902003688
484,0,0.7021548608146256
576,0,0.584013564079975
575,0,0.45026683473035695
602,0,0.4119159061820608
618,0,1.0
909,-1,0.44077249292377685
3759,-1,0.12024511596623515
4140,-1,0.15211291755671902
483,0,0.5334051523133182
1155,0,0.46979159299277823
240,0,0.6659295469266495
1294,-1,0.02206692048115486
880,1,0.10481572330227773
535,0,0.08554052651342108
1428,-1,0.11379710335583366
2721,-1,0.1096263679346731
640,-1,0.19018950535472512
685,1,0.11320646905888648
914,-1,0.14972098431770475
2033,-1,0.05762336734013488
2027,-1,0.057236642790006835
1981,-1,0.05685288239023472
1653,-1,0.17444650056017588
1426,-1,0.018164931500161
1651,-1,0.015528515344644292
1657,-1,0.12807521559743593
1984,-1,0.05419413670307133
2030,-1,0.05239873767870174
1982,-1,0.17844928191109233
1663,3,0.13264090603193118
1738,-1,0.10167586787262428
1740,-1,0.0532444656933009
1797,-1,0.15192270806491606
1818,-1,0.09710326415249103
2725,-1,0.07319589175428903
2816,-1,0.09205808852623229
2841,-1,0.05858900793431451
2898,-1,0.05729434405655819
2415,-1,0.057121602150195634
2034,-1,0.058306426972065964
1942,-1,0.06945560330841956
2005,3,0.1118128521427595
2143,-1,0.13354017188784822
2115,0,0.19390220818418644
2125,-1,0.05650711546513925
2117,-1,0.05482914633654106
2150,-1,0.04181613109295121
2298,0,0.18875032948179013
3368,-1,0.03859529312730585
2491,-1,0.06957719570821025
2660,3,0.15863876988327416
2771,0,0.2256234841682803
2672,-1,0.06092339527505918
2740,-1,0.10360956227821552
3010,-1,0.04120813947929806
3051,-1,0.05532798784790924
4118,-1,0.1110037188394552
3139,-1,0.061698736268882545
3233,-1,0.13687807881174505
3425,5,0.11758164050459612
3445,-1,0.10177323405565328
3473,-1,0.07889634466092676
3553,-1,0.09756101723224639
3642,-1,0.09595005712575637
3651,4,0.32448887967803514
3703,-1,0.069171340442221
3729,-1,0.057442647168656144
3873,-1,0.07817635517828098
3917,-1,0.09585231129492558
4190,5,0.11761080863922557
4246,-1,0.11086425855640941
4252,3,0.211267619727867
4289,-1,0.045123965860768105
4332,4,0.29888038132718364
2024,-1,0.05696072151770536
2025,-1,0.05703664666513588
3377,-1,0.05749561741788395
4209,-1,0.0735390849994788
569,0,1.0
1512,-1,0.02357748126448379
2264,8,1.0
915,-1,0.1867320339072439
1973,-1,0.25825085818842464
3302,0,0.24080804785278176
2638,1,0.1816106553548064
795,-1,0.11142520952219287
311,-1,0.07413245364841996
67,8,0.5989914248267627
137,-1,0.06760439314556982
933,-1,0.07572102897079323
982,0,0.14416366730746522
119,-1,0.021021575316774576
68,-1,0.027065091193118535
145,-1,0.02313943594931424
380,0,1.0
134,-1,0.025124194708718555
313,-1,0.023735091819835397
394,0,1.0
172,0,0.129755253987421
148,-1,0.15028827021658597
101,-1,0.022903472295256275
236,-1,0.019404100237332276
162,-1,0.1390068953192463
27,-1,0.021875907039814308
323,0,1.0
86,-1,0.09243809078022928
89,-1,0.13791739257616123
110,-1,0.022014805477730322
109,-1,0.06798720235403785
3794,1,0.08966427386737148
4159,-1,0.042274795733720706
2316,-1,0.05564600183710269
100,-1,0.02078611569266445
16,-1,0.019845218582728162
1244,-1,0.04336293394229406
1198,-1,0.05731884388380382
1319,-1,0.09877742596627526
997,3,0.3157331005788783
260,-1,0.0605067967246257
1861,-1,0.10387426052704246
2546,-1,0.08642621472436537
2937,-1,0.06425085146281441
1939,-1,0.05080006707503407
22,-1,0.02313347432606393
309,-1,0.03736344532661733
2225,1,0.10358111922998049
3126,2,0.3631778906079401
406,-1,0.02207582671302606
872,-1,0.2881681802926259
936,-1,0.014324916480217305
10,-1,0.02199839537779791
90,0,1.0
833,0,0.5280493437174831
854,-1,0.2336726864061905
867,3,0.49382283993002557
868,0,0.281609937468721
990,0,1.0
1123,0,0.40256818972868863
4232,4,0.1978423345844513
3718,4,0.23888910753443401
3500,5,0.9160366468519711
4281,4,0.27967306911790857
2470,-1,0.01615388769055705
8,0,0.8162072032223827
39,-1,0.18197104804405365
102,-1,0.07050528464194093
903,0,0.8128981589281469
1219,-1,0.08123869324674364
1374,1,1.0
1378,-1,0.1559659377981514
2274,8,1.0
4248,1,0.13247047498453507
305,8,1.0
1272,1,0.3867819662959437
981,-1,0.21573824388579949
2165,-1,0.09338600099068202
2363,-1,0.057952128362832186
3097,-1,0.06034373027375863
3375,-1,0.041668903344855755
552,-1,0.1425748913815627
223,0,0.1603946289093562
688,-1,0.11314684424856755
942,-1,0.015596774340571754
1029,0,0.20176902496485263
1377,-1,0.22992505777601233
1509,0,0.4442388619580051
3362,-1,0.21684048178135823
3383,-1,0.0177504095169481
4259,2,1.0
2287,7,1.0
3527,-1,0.10943843013358738
2146,2,0.11696134370453734
1940,1,0.16256363164227758
2688,-1,0.09009501757911054
2606,-1,0.15737302687438057
2711,8,1.0
140,0,1.0
222,0,0.1773484129034461
500,-1,0.090023763683295
593,1,1.0
1112,-1,0.06938296845865179
1321,-1,0.052768008840869275
1510,-1,0.09224840432918853
2513,-1,0.10192149251628997
1808,1,0.08593852830865402
2579,-1,0.06979857270506026
2007,-1,0.05515975274307118
2206,2,1.0
2414,2,0.453747091276423
2883,-1,0.08689271461757897
3599,2,1.0
4093,3,1.0
3436,-1,0.11947480114755604
3976,-1,0.11118969897901473
427,-1,0.3348378817891401
1313,-1,0.06818269686072666
1204,7,1.0
1191,-1,0.09588303463235634
1312,1,0.1685822958812977
1667,-1,0.07125766064631868
2817,-1,0.13808222872370846
298,-1,0.17874061352585308
287,0,0.7771825463529174
448,0,0.1508071602748891
561,3,0.44688197038477256
1257,1,0.23467731549840926
2422,-1,0.07542194602690766
1790,-1,0.07499820526870693
1384,-1,0.20700033943700752
1438,-1,0.07349926821567279
1427,0,0.2146571199679591
211,1,0.1526693728850078
620,1,1.0
1813,2,1.0
2318,-1,0.11971332326712461
3256,-1,0.04676431543411214
3300,-1,0.06591870145210664
1834,1,0.10769343003099364
43,-1,0.16799948055520783
183,0,0.5261049289602503
221,0,0.1276741503582508
542,0,0.23023904405247625
766,0,1.0
1285,1,0.13034495730812817
1830,-1,0.019296582114057857
2497,4,1.0
2733,3,0.3093910205215267
392,-1,0.07768335616247661
537,0,0.3105383664447366
558,-1,0.2543080926343241
829,-1,0.015345924384277773
1080,-1,0.027246933857709092
1153,-1,0.026822690790774827
656,-1,0.2306458720079688
729,0,1.0
737,0,0.5847616146520014
2635,4,0.6548146706349007
2046,3,0.5088378605497929
2255,-1,0.103716148277832
2632,3,0.7200462970459294
2769,2,1.0
2748,-1,0.11102443497705775
3463,-1,0.026033287497648244
3486,2,1.0
873,-1,0.2721174108011829
2131,2,1.0
2620,-1,0.08177772100064137
2739,-1,0.203436893741342
3314,-1,0.1677822012183852
42,-1,0.06501684275766906
98,1,0.0951063712588667
328,-1,0.06409479261869387
355,0,0.4882484593196782
761,0,0.3512748988334094
651,0,0.22183624878490987
705,0,0.2627522168926457
754,0,0.2243787712408351
830,0,0.2154517062122616
1195,1,0.12341367689705963
1817,-1,0.02353456654197331
2455,-1,0.0424465318358232
4285,2,0.4877464764178991
3189,-1,0.035764811099673784
3345,-1,0.058655167457783035
507,0,1.0
1554,-1,0.0549727196788507
3128,-1,0.0650503549933793
3594,2,0.3535587913966167
3640,2,0.5140661811901
4116,-1,0.08793697249141849
2139,2,1.0
3957,0,0.12550168180940385
1835,3,0.5122067578555052
3200,3,1.0
2677,-1,0.00904514066644539
3908,8,0.9750120462550524
3459,-1,0.028880376630214134
886,-1,0.0625040328043874
1072,1,0.19695957446883097
315,-1,0.10019522823299969
940,-1,0.015412071935182133
127,-1,0.06485769806699435
187,-1,0.13973817605529784
189,0,1.0
441,-1,0.20932230559918505
502,3,1.0
813,-1,0.10129289680768351
884,3,0.6196884936358555
959,-1,0.022314741501496246
283,0,0.4863061932396266
3262,3,0.21300616389012086
2234,-1,0.16237772290648023
138,1,1.0
719,1,0.13680599684554698
1301,-1,0.1661529564991445
930,-1,0.015251379237755356
284,-1,0.3995585402158191
2791,6,0.679542900380376
3037,5,0.35397124333528374
269,0,0.4785547510135805
690,0,0.19566609196843393
784,0,1.0
840,0,1.0
1120,8,1.0
1454,2,1.0
3150,-1,0.0949155930203813
2112,-1,0.020540536278137168
2284,-1,0.061880938473874374
2521,2,0.2132149748111506
2578,-1,0.019175119729574173
2571,2,0.6763715886739162
2767,4,0.36197046439654856
4018,-1,0.0514517228136308
3080,-1,0.11326023553910433
3134,-1,0.17410208297562096
3258,-1,0.021440665118223876
3281,-1,0.15816436971784611
3446,-1,0.014556106328568017
3765,-1,0.13410395128887098
3633,-1,0.11559994926393775
3677,2,1.0
3725,5,1.0
3733,3,0.24921303642213827
3927,5,0.3324186228104484
4079,4,0.4024574726519858
4156,-1,0.04287452696773304
4337,4,0.4056971810957604
461,0,0.5381663021287395
501,0,0.39750271882715354
1159,0,0.44470022447382274
151,0,0.3226619013081448
2236,-1,0.05403699085352736
2556,1,0.08546222040291578
2262,-1,0.13122819513720058
2126,3,0.3811030481782659
2369,-1,0.009200636672492438
2749,-1,0.1337645885904657
2795,-1,0.05574314618306865
2823,-1,0.09123989353630269
3138,-1,0.12012648384517265
4073,3,0.2995200486185259
4235,2,1.0
2219,-1,0.13415330854779825
671,1,1.0
838,-1,0.06298408105480051
3413,1,0.11417214661995637
521,-1,0.07456299022876672
1569,-1,0.092344218254298
2704,0,0.30663324884385673
3143,-1,0.06171927429080007
294,0,0.7679489797266388
531,0,0.2786757625616887
555,0,0.2794541930445738
314,1,1.0
4286,6,0.8454408975102313
4037,2,0.12673779177431732
774,0,0.7494502813655184
213,0,0.5030535308667852
364,0,0.40604950881031787
372,0,0.42109778987376506
615,-1,0.09570713987594397
910,-1,0.06941406412206144
926,-1,0.015204182214455679
1815,-1,0.021493053011338796
2004,2,0.5732349754316868
2314,5,0.2888754636120869
3668,2,0.2776962168840997
2104,-1,0.10944885358194557
302,-1,0.10044349265738335
2253,2,0.49746453598559087
204,0,1.0
359,1,0.11914783439682226
452,0,0.2984145739389785
1268,-1,0.07987872511561482
938,-1,0.0908860879600406
1239,-1,0.04854956964286579
1350,5,0.1354751043085172
1503,0,1.0
1741,-1,0.03494212574121371
2294,0,0.23790778392422005
3183,-1,0.060283791233429404
3163,-1,0.0756903690862798
3700,-1,0.08617861942837021
185,0,0.32602100430953934
832,1,0.4368865850004597
96,0,0.2707042366947037
289,0,0.22127477040503077
402,0,0.31775260972643166
401,0,0.14610116829559827
457,0,1.0
456,-1,0.2961895034288086
460,0,1.0
514,1,0.14031042729766566
557,0,0.5660407131502694
612,0,0.2554516391034419
617,-1,0.021035363367199942
638,0,0.36013363436194157
641,0,0.4135721852363006
647,0,1.0
809,1,0.2920344172706356
901,0,0.8295296830541019
1073,-1,0.07873866082587591
1115,0,0.28809589136297353
2151,-1,0.019811174117090727
2480,-1,0.23505333228150807
2679,3,0.16869168462692283
3342,-1,0.020177688209669312
3906,0,0.11008503135150687
4240,5,0.2505585435307837
4291,-1,0.09755783844284507
242,-1,0.10874452693993071
718,0,1.0
851,3,0.4185060654392937
925,-1,0.015191464191436669
946,3,1.0
1070,0,0.42304200003769793
1106,-1,0.10686749691291793
1173,-1,0.3968101360703234
1826,2,1.0
1889,-1,0.1294514939988514
2371,-1,0.13717761829290293
2218,2,1.0
2187,2,0.398063259157323
2241,-1,0.13723882141801666
2391,4,0.594396816784924
3115,2,1.0
3125,-1,0.1290209804333349
3102,-1,0.1587323815768197
3466,2,1.0
3487,5,0.1874259405805426
3739,4,0.42820530223942765
3774,-1,0.02570889854854085
4071,2,0.13281442913666522
4220,2,0.12553482596049587
69,-1,0.06790244636159584
169,-1,0.06639675027079821
543,-1,0.0355045736247568
782,0,0.5352368523826034
822,0,0.22906245838469702
834,0,0.3435873203854907
2413,-1,0.09079315468212193
2757,-1,0.10744322872346955
2765,-1,0.111808845873237
2806,2,0.7942157557422427
3339,-1,0.11392441246272782
3912,2,0.12204657581794433
3972,2,0.13282910202851894
630,-1,0.11594228206493642
843,0,0.8804569927847434
2462,-1,0.020453396985779304
962,-1,0.021432794348095037
2245,-1,0.1202326339598429
4234,1,0.13953749268457827
3583,-1,0.12643811905866775
3726,-1,0.02397884679268796
606,0,0.5492564348562139
931,0,1.0
2654,-1,0.009051785003294389
1298,0,0.17662216376592954
3046,-1,0.08617192701689577
188,0,0.26457431440114765
219,0,0.3653388070246007
444,-1,0.30398542413387447
693,0,0.2689804206865245
728,0,0.24038688585336598
3760,5,0.3223120718914649
2258,-1,0.008784745080703663
268,0,0.7976039355280788
348,-1,0.0177110928583902
511,0,0.23943680919322097
927,0,0.3405493145803267
1793,2,0.12306499292407282
3268,-1,0.017602648541940706
3398,4,0.34661835714655215
3787,0,0.2872274360046866
3945,4,0.21989127317006085
4056,2,0.12382741202821489
983,-1,0.030994978611477306
999,-1,0.10824717166489971
1138,1,0.14149043722162302
3620,-1,0.16537493247858057
1926,1,0.17417652600168587
443,0,0.7534202011674322
994,-1,0.1342355635382068
498,3,1.0
818,1,1.0
596,-1,0.12186646618158577
4149,-1,0.11781467895150204
4330,5,0.11647693907766163
493,0,0.4710215328220046
3616,0,1.0
2041,-1,0.13946453647810528
2083,-1,0.1127998164864195
2621,4,0.21824511799679333
2567,3,0.5011435851774363
3360,-1,0.12705214639296458
2639,5,0.24690696716541047
2613,5,0.589210144659438
2659,-1,0.1325253682273313
4138,2,0.13022596290272462
265,0,0.7692529086620669
397,0,0.4485988404059954
827,0,1.0
1918,-1,0.06656556886839002
1920,-1,0.016124638598429983
2744,-1,0.048041324440030696
2623,-1,0.015324518178755062
1909,-1,0.09141709393267651
2011,-1,0.1469901036771224
2515,-1,0.061607760025085986
2624,-1,0.06618447602658864
2564,-1,0.09820468145623555
2398,-1,0.046987598909248
2745,-1,0.0592218954186728
3030,1,0.07514380184874453
3673,1,0.1414420259354187
4061,4,0.7720895104213488
4127,-1,0.04244432731415819
2338,-1,0.049550730506938305
562,1,0.3045549384900773
634,0,0.19236786697848626
633,0,0.3570839285437036
1069,1,0.09444626689949329
4318,-1,0.23009109101044334
803,-1,0.027462704255861184
2764,3,0.1880227204430535
890,-1,0.18481269296632624
3002,2,0.13820928987941417
393,0,1.0
538,0,0.5458932373668629
590,1,1.0
2925,-1,0.05142046782806705
2803,2,0.14442273648018644
2705,0,0.26464215303499494
3264,4,1.0
3223,0,0.244778146329304
667,-1,0.08043664476948438
2535,-1,0.08041982106739325
1898,-1,0.1845748143318452
2675,-1,0.008942348393995145
1932,2,1.0
2095,-1,0.008938171323380205
466,0,0.3943107763234972
645,0,0.17343298469884547
3092,-1,0.11024184038264606
545,-1,0.242689224029213
610,-1,0.18020753789789865
923,-1,0.08813141679516123
944,-1,0.016210540014029894
955,-1,0.015768177168277442
1125,0,0.7632831144713775
1202,-1,0.08470046276226023
1302,1,1.0
1583,-1,0.3717586918311926
2356,-1,0.08098735347326627
1520,-1,0.0574624783947703
1435,0,0.3040630896732882
1440,0,1.0
1441,0,1.0
1519,-1,0.1083677109960244
1823,-1,0.23714145522120378
2006,-1,0.05364983945279513
1431,0,0.11004790229212197
1980,-1,0.08308205936869154
1679,1,0.11184884922460274
1437,0,0.3239641384637898
2013,-1,0.20660525241160782
2015,-1,0.05413207624095139
1446,0,0.40853735219723364
1445,0,0.2980535203983621
2016,-1,0.014899686187061497
1443,-1,0.013887957496766115
2085,8,0.6557460200732932
1822,-1,0.1388793288593763
1642,0,0.40672186825910595
1640,-1,0.32929394454365096
1594,0,0.3282042677743065
1508,-1,0.13039572348313674
1858,-1,0.07806679580403914
1631,0,0.5282415365674359
2433,-1,0.06605036717053547
2340,5,0.11140055651274074
3766,8,1.0
3952,2,0.2470331566111117
3070,-1,0.018883809597668267
3502,-1,0.12507347402718968
4192,-1,0.058720692284311746
3043,-1,0.0633459582550367
471,-1,0.02113230867391795
869,1,0.13634377337288375
3039,-1,0.11065996713328402
985,-1,0.0403408476305787
1099,4,0.17016776093761501
3536,4,0.3427810810782355
3650,4,0.30880289594869825
935,-1,0.01519898476257928
2317,3,0.3245390991908089
2409,5,0.5316981350728682
384,-1,0.3746191151663739
476,0,0.5983955202692015
883,0,0.8689977782230351
3582,2,0.37313758751854154
3907,8,0.47859234419324603
2250,1,0.13985602126661295
2246,1,0.21154219071188432
2644,-1,0.09802525298144191
216,0,0.42538011883444693
875,0,0.208594187806929
879,-1,0.11375540391158827
1051,-1,0.14260200527963582
2020,-1,0.2852768448131272
2410,-1,0.00889676285800677
2976,4,0.6326106324364882
3566,-1,0.12089687004270493
4203,-1,0.04159237254177752
439,0,0.2720184925679132
478,0,0.47506985415750874
2978,-1,0.12086044281712181
3242,2,1.0
856,-1,0.31679090753933326
2229,5,0.7409659773208682
1901,-1,0.01640020893028238
2232,-1,0.13227501384357077
2516,5,1.0
2997,-1,0.11162378138830462
3391,-1,0.11845170700915289
3719,-1,0.12983476582049605
250,0,0.2391345288136155
271,0,0.7667511038819218
404,0,0.5676604857368494
539,0,1.0
865,-1,0.0677682921309025
741,0,0.26102663144965466
2709,-1,0.09519460519336552
3535,2,0.16493482783815447
3027,-1,0.31087433149128646
3397,-1,0.11459225794388522
3518,4,0.36093202301487065
206,0,0.7123851288681331
763,0,0.24852577469525658
826,0,1.0
948,0,1.0
968,-1,0.11989731504539655
1915,2,1.0
182,0,1.0
215,0,1.0
780,3,0.362234019767108
850,-1,0.3025833923179084
3617,0,0.15164490711390394
377,0,0.8941313623379866
1290,0,0.5848037045938526
3141,-1,0.10020728028972485
528,0,0.8251258839557526
554,0,0.21727021197131582
668,-1,0.09562801232465326
2231,-1,0.10807023921198236
1802,-1,0.033604953132097985
1807,-1,0.039571009805975985
2982,1,0.11953997697667443
3697,1,0.11978469051265388
2506,2,1.0
2402,-1,0.04968011564666999
338,-1,0.25208149455156315
376,0,0.8031605789807125
603,3,0.38598322882607816
716,0,1.0
725,0,0.2919625071321791
745,0,0.2430346317658931
921,0,1.0
1407,-1,0.03978235017602528
2421,6,0.36951726550172603
2073,-1,0.00923499431564588
2107,6,1.0
2474,-1,0.01082045676959908
2587,5,1.0
3076,-1,0.04692906200066019
3273,2,1.0
3315,2,0.3792981244727926
3742,2,0.12559479533500273
3785,-1,0.12071351264677055
4115,-1,0.12776769910695093
4315,2,1.0
76,0,1.0
194,0,0.5875942951220658
217,0,0.16962107705393534
218,0,0.20915707850364582
234,-1,0.08682286208826863
264,0,0.4386087627514939
267,-1,0.07628485181584313
280,-1,0.21794926564126788
295,0,0.41237088462622024
335,0,0.23180955462037925
340,-1,0.16444308592085927
442,0,0.540357239787788
445,0,0.4890859660201554
491,0,0.46324520202639696
512,0,0.4137778726665524
577,0,0.4729757242125255
661,-1,0.08938483721937272
691,0,0.16312457943317873
726,0,0.25835329917432653
730,-1,0.11573107380935273
767,-1,0.11152880295765777
835,-1,0.3080670553852237
846,0,1.0
853,0,1.0
874,0,1.0
907,0,0.26813054312990203
917,-1,0.018638400534068594
932,-1,0.09939389384977418
1028,-1,0.2782010046511705
1031,0,0.25608448727074146
1045,-1,0.2547814369541382
1071,-1,0.0256434771321202
1132,0,0.20007490430145278
1201,5,1.0
1241,1,0.07073748543016957
3270,4,0.571254905266423
1330,0,0.3455878111707104
1558,1,1.0
1368,0,0.6714014423931823
1369,-1,0.1446636641514463
1388,0,0.32843767003653207
1860,-1,0.06321822595621465
2069,1,0.08400740440244563
2208,2,1.0
1931,2,0.6185738805949732
2050,2,0.2104622287995324
2385,-1,0.027281719136894946
2042,2,1.0
2021,-1,0.17583897504795382
1961,-1,0.1083273659098947
2154,-1,0.3741663776971982
2045,2,1.0
2056,-1,0.009857378922193535
1935,-1,0.3346988575936557
2001,-1,0.15880778944458585
2101,-1,0.13933014902915872
2113,2,1.0
2047,-1,0.09260688906784421
2118,-1,0.009301549713608371
2242,2,1.0
2292,2,1.0
2196,-1,0.06564293558162765
2372,-1,0.0892209575525558
2518,-1,0.32243681577547184
2193,5,0.10829346727654271
2197,2,0.1579852963404645
2205,-1,0.10002789601088838
2207,2,0.4548141905197563
2263,2,1.0
2213,-1,0.281802802485284
2183,2,1.0
2222,-1,0.07314541728598506
2425,2,1.0
2323,2,0.49558876151723913
2204,5,0.5051915381646477
2328,-1,0.03835898718780132
2240,5,0.35744951136740605
2235,5,0.1634768142603741
2288,-1,0.2935335519012168
3260,5,0.1989801194463642
2341,2,0.516536237720286
2279,2,0.36320024837982
2746,-1,0.06943591724475741
2405,-1,0.025505906461591052
2330,-1,0.10839361162775077
2361,-1,0.060779576660974236
2389,-1,0.009573237765454233
2397,-1,0.009553228271518393
2461,5,1.0
2475,2,0.7657114370517
2780,-1,0.28799884612778637
2498,-1,0.06757923162657903
2477,-1,0.08974612712717556
2527,-1,0.009603324864950377
2700,2,1.0
3484,-1,0.08150576603042858
2657,-1,0.15482705851601622
2665,-1,0.12587121511308544
2742,5,1.0
3559,4,0.4025144393365932
2676,-1,0.05967713002155238
2868,2,1.0
2778,2,0.40341792667786097
2871,-1,0.054313718782257756
2881,2,1.0
2813,-1,0.06462221357034086
2843,-1,0.21703680400279915
3094,-1,0.09337450404379379
2827,-1,0.28292696316743526
2990,-1,0.10021812492543732
2944,2,1.0
3001,-1,0.06525950818169608
3093,2,0.3015911021396679
3695,-1,0.08324721202167383
4054,-1,0.22391917309809597
2993,-1,0.10488730451966521
3694,2,1.0
3013,2,1.0
3056,2,1.0
3074,2,0.3561939277644517
3349,2,0.6706342367143877
3085,2,1.0
3098,2,1.0
3157,-1,0.10296769360075002
3196,4,0.5702861877011184
3701,2,1.0
3292,2,0.3447386826450553
3390,2,0.41124820253045186
3372,2,1.0
3255,4,0.44351464474797714
3289,2,0.3241634650117319
3361,-1,0.0775398172773433
3320,2,1.0
3376,2,1.0
3757,-1,0.2924293366348994
3384,-1,0.10633571698947163
3427,2,1.0
3414,-1,0.17554695153944083
3603,5,0.5096640574876218
3488,-1,0.11805787406481863
3585,2,0.6007682402087338
3577,-1,0.1157618878980704
3443,2,1.0
3622,2,0.5598477106257754
3570,-1,0.1016792620203705
3625,-1,0.1320906126946463
3574,-1,0.1368950068750337
3611,2,0.2463737526664677
3610,-1,0.09982311050603915
3778,-1,0.04784037996033963
3679,2,0.42633569890887246
3947,-1,0.07943909075490388
3692,-1,0.20475839175952415
3741,2,0.6186865746632698
3731,-1,0.09807247558687793
3761,2,0.633674913844678
4147,-1,0.14131994642815082
3953,2,1.0
4238,-1,0.10478614929471657
4150,-1,0.3279315715460673
4191,-1,0.2840725766283638
3979,-1,0.13039726338477453
3954,-1,0.06709865786371359
4086,2,0.288822621321528
4052,4,0.30849701430215265
4012,-1,0.2297974020010013
4020,-1,0.026829018692881398
4082,-1,0.06478709120905622
4219,4,0.4194346065013935
4231,-1,0.02951495343727692
4300,2,1.0
4328,6,0.7057439937291737
4215,-1,0.08580750223479214
1039,1,0.5023156996223472
1337,-1,0.2530312682812965
3852,-1,0.023031994703092976
550,0,0.5190518460239463
604,0,0.47045000264861836
3104,2,1.0
3664,-1,0.09423521060367121
939,-1,0.015283483469774437
749,0,0.32496655384232787
190,0,1.0
891,0,0.4823564616908567
672,-1,0.17421699734423232
523,0,0.4077584667553339
1043,0,0.4262190249571979
1381,-1,0.2902015269283163
1018,-1,0.05729704486733002
432,1,0.49949351596459646
2071,1,0.08276069803949306
141,1,0.1312517761881253
1182,-1,0.15195373676753163
2342,1,0.12042717132899748
2343,1,0.09000427741238524
3621,-1,0.02957046943270301
748,0,0.7032197610010883
727,-1,0.04040421373335497
702,-1,0.1286256162530343
